Auth,Kind,Count
WO,F,126.66666666666667
WO,U,64.5
WO,I,4.833333333333333
US,F,74.5
US,U,60.25
US,I,43.25
EP,F,91.83333333333333
EP,U,32.5
EP,I,1.6666666666666667
