Auth,Kind,Count
WO,F,115.66666666666667
WO,U,63.5
WO,I,4.833333333333333
US,F,38.5
US,U,17.75
US,I,1.75
EP,F,83.83333333333333
EP,U,30.5
EP,I,1.6666666666666667
