Auth,Kind,Count
WO,F,142.5
WO,U,73.5
WO,I,7.0
US,F,111.5
US,U,98.0
US,I,73.5
EP,F,147.33333333333334
EP,U,60.0
EP,I,2.666666666666667
